{"a": {"a": 0.00020915239578416604, "b": 0.02281739582656179, "c": 0.04660424127142045, "d": 0.04620006839848619, "e": 0.0009779287694773168, "f": 0.010285210381872705, "g": 0.021590745289124923, "h": 0.001353837805143453, "i": 0.03742979969418528, "j": 0.0013707961075043315, "k": 0.012226936002193274, "l": 0.10570392499908142, "m": 0.030222521190811993, "n": 0.2067160530116532, "o": 0.0005341865243676673, "p": 0.019080916539714932, "q": 0.00018088855851603548, "r": 0.11268226642058286, "s": 0.09962437360270654, "t": 0.15099672422126062, "u": 0.011966908699326474, "v": 0.022331257825549945, "w": 0.0072270631894609805, "x": 0.002278065283811322, "y": 0.027613769010963542, "z": 0.0017749689804385982}, "b": {"a": 0.0881316098707403, "b": 0.007959823177214482, "c": 0.0003916960438699569, "d": 0.0009092943875552571, "e": 0.31323093279615016, "f": 9.792401096748923e-05, "g": 0.00013989144423927032, "h": 0.00016786973308712439, "i": 0.05328465111073807, "j": 0.008785182698226177, "k": 2.7978288847854064e-05, "l": 0.12460130938391809, "m": 0.0018185887751105143, "n": 0.00023781545520675955, "o": 0.11459907112081025, "p": 0.00016786973308712439, "q": 0.0, "r": 0.059761624979016284, "s": 0.02007442224833529, "t": 0.007008561356387443, "u": 0.1145151362542667, "v": 0.0029936769067203848, "w": 0.00013989144423927032, "x": 0.0, "y": 0.08094118963684181, "z": 1.3989144423927032e-05}, "c": {"a": 0.134738060291295, "b": 0.0001481878739979677, "c": 0.0172321327763351, "d": 0.00016935757028339166, "e": 0.16090380490007902, "f": 0.00016935757028339166, "g": 5.645252342779722e-05, "h": 0.15378373038274812, "i": 0.06287399796770915, "j": 0.0, "k": 0.04475273794738625, "l": 0.03954499266117195, "m": 0.0002681494862820368, "n": 0.0003387151405667833, "o": 0.19836711075985097, "p": 0.0001340747431410184, "q": 0.0010232019871288247, "r": 0.037844360392909566, "s": 0.005228914982499717, "t": 0.10059134018290618, "u": 0.03330698882240036, "v": 0.0, "w": 2.822626171389861e-05, "x": 0.0, "y": 0.008369086598170938, "z": 0.00012701817771254375}, "d": {"a": 0.07288205476461886, "b": 0.001843273265261575, "c": 0.0012248065775751255, "d": 0.022895394242196405, "e": 0.33524532511944893, "f": 0.0014794693313283694, "g": 0.013957944265237322, "h": 0.00217069680580146, "i": 0.20320875069729089, "j": 0.0027649098978923627, "k": 0.00021828236035992336, "l": 0.01997283597293299, "m": 0.0077247701971817325, "n": 0.013169702408382042, "o": 0.09724479154034586, "p": 0.0004850719119109408, "q": 0.0008246222502485993, "r": 0.04586354927117945, "s": 0.05956683078266353, "t": 0.001564356915912784, "u": 0.05566200189178046, "v": 0.0074943610390240355, "w": 0.004183745240231865, "x": 0.0, "y": 0.028303946060003395, "z": 4.850719119109408e-05}, "e": {"a": 0.06993331504475149, "b": 0.002315129357532375, "c": 0.040880108090646426, "d": 0.12077386339454882, "e": 0.040357088833795254, "f": 0.014403540122499316, "g": 0.010960330014895795, "h": 0.0024587032711777938, "i": 0.016270000999889758, "j": 0.00041790264150362913, "k": 0.002440756531972116, "l": 0.051984012019187634, "m": 0.034385952318077756, "n": 0.13409290770504792, "o": 0.006304433100965792, "p": 0.016041821029989006, "q": 0.004255941011632051, "r": 0.19558100004358497, "s": 0.1193355604382081, "t": 0.04162874349751182, "u": 0.0022023212825252603, "v": 0.02517158364590571, "w": 0.01285242909115149, "x": 0.017964685944883003, "y": 0.016485361870357887, "z": 0.0005025086977589651}, "f": {"a": 0.09484612532443452, "b": 0.0004449388209121245, "c": 0.000993696700037078, "d": 0.0008602150537634406, "e": 0.12815721171672226, "f": 0.07927326659251019, "g": 0.00019280682239525393, "h": 0.0004746014089729328, "i": 0.15519466073414903, "j": 5.93251761216166e-05, "k": 8.89877641824249e-05, "l": 0.036321839080459765, "m": 0.0004746014089729328, "n": 0.00020763811642565807, "o": 0.2748980348535409, "p": 0.0004449388209121245, "q": 0.0, "r": 0.11777530589543934, "s": 0.0031887282165368918, "t": 0.04716351501668519, "u": 0.05413422321097514, "v": 2.96625880608083e-05, "w": 0.0004894327030033369, "x": 0.0, "y": 0.004286243974786799, "z": 0.0}, "g": {"a": 0.09450391174833873, "b": 0.0006219516187109235, "c": 0.00021277292219057907, "d": 0.0007528888015974337, "e": 0.22639038921077614, "f": 0.0010802317588137092, "g": 0.018805852892075026, "h": 0.16606108219581656, "i": 0.09018298471308389, "j": 0.0005401158794068546, "k": 0.00011457003502569642, "l": 0.03829912599430423, "m": 0.004271825591672395, "n": 0.03633506825100658, "o": 0.09335821139808177, "p": 0.0002782415136338342, "q": 0.0, "r": 0.12604340567612687, "s": 0.03379816033258044, "t": 0.011669776424760222, "u": 0.04663000425545844, "v": 6.546859144325509e-05, "w": 0.0004091786965203444, "x": 0.0, "y": 0.009509312907132804, "z": 6.546859144325509e-05}, "h": {"a": 0.16301775917210537, "b": 0.000957729876838538, "c": 0.0007280480511713773, "d": 0.00030335335465474055, "e": 0.5341142515406017, "f": 0.0003553567868812675, "g": 8.2338767692001e-05, "h": 0.0002513499224282136, "i": 0.1406302815985855, "j": 1.7334477408842318e-05, "k": 4.333619352210579e-05, "l": 0.0024008251211246607, "m": 0.0019284606117337079, "n": 0.0045459667004688975, "o": 0.08547197448364925, "p": 0.00028168525789368763, "q": 8.667238704421158e-05, "r": 0.014547960165370915, "s": 0.0027128457144838226, "t": 0.025828371339175052, "u": 0.01323920712100332, "v": 6.067067093094811e-05, "w": 0.000927394541373064, "x": 0.0, "y": 0.007393154614871248, "z": 7.367152898757985e-05}, "i": {"a": 0.02562848997478972, "b": 0.009362556840939612, "c": 0.07115719906698395, "d": 0.03772117899300238, "e": 0.03922908371227293, "f": 0.02136394694060269, "g": 0.029757557194354783, "h": 0.00011485992978818651, "i": 0.00022088448036189715, "j": 0.0001236953090026624, "k": 0.0065764672619748835, "l": 0.05125108969676979, "m": 0.037862545060433996, "n": 0.2636300450015315, "o": 0.07588412694672855, "p": 0.009727752515137949, "q": 0.0013017458709327805, "r": 0.035105906745517515, "s": 0.12266745988737837, "t": 0.12256143533680465, "u": 0.001228117710812148, "v": 0.02829971962396626, "w": 7.362816012063238e-05, "x": 0.002176448413165893, "y": 3.239639045307825e-05, "z": 0.006941662936173221}, "j": {"a": 0.1290753607696419, "b": 0.0008017103153393907, "c": 0.0, "d": 0.001469802244788883, "e": 0.22127204703367184, "f": 0.0, "g": 0.0, "h": 0.0, "i": 0.016969535008017102, "j": 0.0, "k": 0.00013361838588989844, "l": 0.0, "m": 0.0, "n": 0.0, "o": 0.2914216996258685, "p": 0.0, "q": 0.0, "r": 0.01028861571352218, "s": 0.0, "t": 0.0, "u": 0.3285676109032603, "v": 0.0, "w": 0.0, "x": 0.0, "y": 0.0, "z": 0.0}, "k": {"a": 0.035154112712018966, "b": 0.0024621557541491886, "c": 0.0005015502462155754, "d": 0.0013222688309319716, "e": 0.4771110705817983, "f": 0.005289075323727886, "g": 0.0035564472004377167, "h": 0.00825278132409265, "i": 0.18707824183840963, "j": 0.0010486959693598395, "k": 0.001960605507933613, "l": 0.02548787160313697, "m": 0.0031004924311508297, "n": 0.10641984315155936, "o": 0.018739741017691044, "p": 0.0014590552617180376, "q": 0.0, "r": 0.005653839139157396, "s": 0.08503556447200437, "t": 0.002781324092650009, "u": 0.004605143169797556, "v": 4.5595476928688673e-05, "w": 0.0046963341236549334, "x": 0.0, "y": 0.018238190771475468, "z": 0.0}, "l": {"a": 0.11325574448109153, "b": 0.001841160296780408, "c": 0.002170374389582203, "d": 0.07090905765514215, "e": 0.1948520670377438, "f": 0.014479323526004865, "g": 0.0013778219439482525, "h": 0.0005608832692178727, "i": 0.14143403220201553, "j": 6.0965572741073115e-06, "k": 0.006694019886969828, "l": 0.14650027129679868, "m": 0.00702933053704573, "n": 0.0012985666993848574, "o": 0.08939991586750962, "p": 0.005163784011168893, "q": 3.048278637053656e-05, "r": 0.002840995689734007, "s": 0.030293793095039233, "t": 0.024538643028281928, "u": 0.029007419510202588, "v": 0.006986654636126979, "w": 0.0033896858444036654, "x": 0.0, "y": 0.1058057514921324, "z": 0.00013412426003036086}, "m": {"a": 0.201542968183532,