{
  "a": 0.035997150997151, "b": 0.044474358974358974, "c": 0.036725071225071224, "d": 0.04456980056980057, "e": 0.03196866096866097,
  "f": 0.035562678062678064, "g": 0.03881196581196581, "h": 0.04577777777777778, "i": 0.04491025641025641, "j": 0.037725071225071224,
  "k": 0.03300854700854701, "l": 0.03201282051282051, "m": 0.04481054131054131, "n": 0.05801566951566951, "o": 0.034173789173789174,
  "p": 0.039656695156695156, "q": 0.03168803418803419, "r": 0.029672364672364674, "s": 0.04490883190883191, "t": 0.03645584045584046,
  "u": 0.039045584045584045, "v": 0.039162393162393165, "w": 0.039837606837606836, "x": 0.03352136752136752, "y": 0.037626780626780626,
  "z": 0.02988034188034188
}