{
  "a": 0.0433019943019943, "b": 0.04227350427350427, "c": 0.04304558404558405, "d": 0.03694301994301994, "e": 0.03330769230769231,
  "f": 0.03499002849002849, "g": 0.06155555555555556, "h": 0.03788034188034188, "i": 0.029618233618233618, "j": 0.044576923076923076,
  "k": 0.02749002849002849, "l": 0.0364985754985755, "m": 0.038386039886039884, "n": 0.03408119658119658, "o": 0.04532051282051282,
  "p": 0.03304415954415955, "q": 0.036223646723646724, "r": 0.0357977207977208, "s": 0.033894586894586895, "t": 0.040796296296296296,
  "u": 0.05111680911680912, "v": 0.02720797720797721, "w": 0.03530341880341881, "x": 0.033262108262108264, "y": 0.039683760683760685,
  "z": 0.0444002849002849
}